{"0": {"0": 0.1986397821467559, "1": 0.78491754851791196, "-1": 0.01644266933533212}, "1": {"1": 1.0}, "2": {"1": 1.0}, "3": {"0": 0.34076933421647326, "1": 0.48720257547001189, "-1": 0.1720280903135149}}