{"0": {"0": 0.6839530332681018, "1": 0.16731898238747553, "-1": 0.1487279843444227}, "1": {"0": 1, "1": 1, "-1": 1}, "2": {"0": 1, "1": 1, "-1": 1}, "3": {"0": 1, "1": 1, "-1": 1}}